Lorem ipsum dolor sit amet, consectetur adipiscing elit. Cras ac nisi mattis, molestie arcu quis, tempor arcu. Fusce pulvinar, ipsum id interdum mollis, metus nisi pretium risus, at faucibus velit mi eget lorem. Ut lobortis sodales lacus, et commodo lorem tempor in. Vestibulum at nisl in nisl dapibus interdum. Pellentesque bibendum, dolor vitae facilisis viverra, leo orci viverra odio, ac venenatis tortor odio eget eros. Nulla facilisi. Curabitur ornare augue sit amet suscipit iaculis. Curabitur hendrerit ex ac enim lacinia, sed efficitur massa maximus. Vestibulum suscipit lectus a fermentum eleifend.

Vivamus tristique vel risus vitae consequat. Curabitur eu imperdiet quam, sit amet facilisis felis. Sed ligula enim, cursus id purus sit amet, pulvinar suscipit erat. Integer at est tincidunt, mollis lorem ut, faucibus nunc. Aliquam venenatis, augue in malesuada tempus, mi nulla posuere risus, a efficitur neque justo vel orci. Cras non magna consectetur, venenatis lacus eget, vulputate erat. Ut nibh est, lobortis non pellentesque a, tempus quis massa. Donec accumsan a orci non consequat. Cras et suscipit ligula, in pulvinar lorem. Etiam mattis iaculis enim a vehicula.

Nullam tincidunt blandit lacinia. Nunc urna dolor, vulputate maximus turpis ut, tristique vestibulum mauris. Etiam vel placerat tellus. Nulla porta sit amet dolor eu posuere. Pellentesque vitae augue posuere quam porta maximus ac fermentum est. In sagittis nisi vitae felis auctor egestas. Phasellus at dignissim justo. Ut ullamcorper aliquam turpis in hendrerit. Integer tincidunt tincidunt velit, et scelerisque metus hendrerit eu. Praesent diam nunc, bibendum nec vehicula sit amet, lacinia ut nulla. Nullam volutpat, magna ut bibendum porttitor, nibh metus finibus purus, at mattis erat quam sit amet neque. Aliquam dui dui, efficitur eget purus eu, fermentum pretium ligula.

Nulla posuere neque magna, ac congue augue vulputate ut. Orci varius natoque penatibus et magnis dis parturient montes, nascetur ridiculus mus. Duis consectetur, sem quis porta gravida, augue sem venenatis nunc, eu feugiat orci eros sit amet elit. Ut eget aliquet lacus, vitae scelerisque orci. Proin nec erat vitae lorem molestie porttitor. Etiam accumsan ex sed mauris pellentesque lacinia. Duis posuere, lorem nec lobortis tempus, elit nunc rutrum odio, aliquet condimentum augue risus euismod massa. Morbi nec porttitor ligula. Donec sagittis turpis eget maximus laoreet.

Duis pellentesque commodo hendrerit. Suspendisse luctus iaculis lacus id vestibulum. Aenean eget sagittis elit. Duis mollis mollis elit, non molestie urna bibendum eget. Nam id congue ante. Cras iaculis tincidunt ante, quis rhoncus augue viverra vel. Nunc a ante ut sapien vehicula vulputate eu in dui. Phasellus finibus aliquam ullamcorper.

Cras eu ligula malesuada elit congue ultrices. Aenean in placerat leo. Donec lacus eros, feugiat at leo nec, iaculis aliquam libero. Sed velit ipsum, posuere id nibh sit amet, faucibus vestibulum eros. Pellentesque posuere, ipsum id rhoncus pellentesque, urna ex molestie magna, at ultricies mi sem at magna. Vestibulum nec erat posuere, venenatis nibh id, molestie metus. Donec eleifend congue odio non consectetur. Mauris a ligula turpis.

Quisque venenatis risus tortor, quis blandit urna fringilla ut. Pellentesque euismod nibh erat, id vehicula dolor tincidunt et. Nullam pharetra orci commodo, viverra lacus hendrerit, ultrices sapien. Aenean sit amet cursus orci, a eleifend quam. Sed sagittis aliquam ex vitae pharetra. Orci varius natoque penatibus et magnis dis parturient montes, nascetur ridiculus mus. Integer sagittis ligula a magna varius cursus. Mauris vitae auctor augue, quis feugiat sem. In porttitor lorem sit amet lectus vulputate lacinia.

Vivamus vel sagittis metus. Proin tempus augue nibh, vel ornare orci faucibus eu. Nullam feugiat suscipit aliquam. Donec ac tincidunt ante, quis ornare arcu. Nam vel dictum nunc. Vestibulum nec sem bibendum, sagittis justo ullamcorper, pulvinar metus. Nulla dictum, arcu vitae fermentum sollicitudin, dolor dolor ornare risus, quis viverra sapien urna vitae augue. Etiam pulvinar eget tortor at porta. Nullam eu nisl dui. Donec rutrum tempus tortor, lobortis molestie ante imperdiet at. Morbi pulvinar arcu sit amet odio imperdiet molestie. In fringilla nibh a orci laoreet aliquet. Duis feugiat odio id efficitur ultricies. Mauris vitae arcu vulputate nibh auctor posuere vitae non mauris.

Integer porta viverra eleifend. Mauris lacus nisl, feugiat non rutrum et, feugiat at dolor. Nullam vestibulum imperdiet tincidunt. Nulla laoreet lacus dapibus, pretium lacus a, efficitur mauris. Sed facilisis, mi id posuere aliquet, magna urna elementum mi, vitae euismod ipsum nunc vel nulla. Vestibulum volutpat a ligula sed volutpat. Phasellus ut diam nec libero tristique faucibus. Praesent non sem ligula. Duis ullamcorper pretium aliquam. Donec a mattis arcu. Praesent turpis odio, congue quis gravida sed, mattis sed neque. Aenean accumsan mattis consectetur. Sed eget fringilla nisl, vel luctus nisi. Proin posuere sed enim non aliquet.

Duis placerat orci id sollicitudin facilisis. Nunc pharetra lacus nec orci sollicitudin, quis fermentum tellus egestas. Nulla facilisi. Fusce pretium tincidunt efficitur. Etiam pharetra sollicitudin pretium. Vestibulum pretium id mi et porta. Pellentesque eu lacus nec ex consectetur egestas a a lectus. Sed nec scelerisque arcu, fermentum rhoncus dolor. Pellentesque gravida ante ac malesuada tincidunt. Aenean fringilla laoreet libero, nec mattis tellus congue eu. Sed porttitor risus et ipsum ornare condimentum. Aenean quis metus ut neque bibendum consequat. Mauris et lacinia augue.

Pellentesque nec neque ante. Proin quis ornare diam, ut vehicula dolor. Donec justo sapien, luctus quis euismod sit amet, tempus ac nunc. Praesent congue lectus quam, sed molestie nunc varius ut. Interdum et malesuada fames ac ante ipsum primis in faucibus. Nam blandit sapien a sagittis finibus. Fusce vel mi eget erat sollicitudin bibendum quis non enim. Vivamus venenatis risus vitae lorem condimentum elementum. Proin iaculis dolor leo, vel mollis turpis auctor at. Sed blandit, sem a ullamcorper lacinia, tellus dolor accumsan ipsum, sit amet venenatis ligula enim ut turpis. Nulla suscipit cursus bibendum. Praesent eu sapien sit amet ligula convallis tempus. Proin varius orci mauris, id blandit lorem malesuada ac. Etiam vitae turpis gravida, mollis lectus ac, ornare quam. Sed leo nibh, varius id eleifend ac, tristique ac ante.

Sed metus nisl, rhoncus euismod quam eu, varius ullamcorper nunc. Nunc ac placerat urna. Aenean ut molestie libero. Vivamus suscipit ipsum vel libero interdum posuere. Fusce eu suscipit nisi, et lacinia eros. Nulla hendrerit nunc id elit viverra ornare. Nunc sed dui eu arcu porta lacinia vestibulum a lorem. Ut congue mauris in diam elementum consectetur. Vivamus at felis ut arcu auctor pulvinar. Sed pellentesque ipsum at ante finibus vestibulum. Sed quis leo nisl. Lorem ipsum dolor sit amet, consectetur adipiscing elit. Maecenas quam ligula, euismod sit amet iaculis eu, vestibulum eu nisl. Aenean suscipit dui dui, sit amet blandit orci ultrices nec. Morbi consequat id justo sed iaculis. Nulla non sagittis eros.

Nulla sed neque vestibulum, tristique augue non, fermentum lectus. Vivamus sit amet aliquet lacus. Sed sit amet ultrices ante. Maecenas eu velit pulvinar, laoreet diam et, sollicitudin justo. Donec dignissim purus sit amet mi pretium malesuada. Nam ante massa, pretium nec malesuada non, tempor at justo. Aenean lorem ex, lobortis at nibh non, tempus fermentum nulla. Integer ac erat nisl. Donec placerat ut lorem eu interdum. In lobortis molestie leo nec suscipit. Pellentesque habitant morbi tristique senectus et netus et malesuada fames ac turpis egestas. Praesent consequat lacus ut lorem molestie, vitae ultrices lorem pharetra. Nunc ac lacinia velit. Morbi nisl odio, bibendum a aliquam tempus, sollicitudin et purus. Nullam nec sem eu diam commodo pellentesque venenatis eu mi.

Duis tincidunt velit id nisl bibendum pulvinar id non justo. Aenean tempor, sapien ac rutrum placerat, metus felis porta tortor, sed venenatis tortor leo non tellus. Quisque luctus lobortis nulla, mattis fringilla nibh laoreet nec. Pellentesque non purus enim. Vestibulum ante ipsum primis in faucibus orci luctus et ultrices posuere cubilia curae; Ut et mi quis neque molestie mattis eget eu dui. Curabitur tincidunt maximus elit, nec imperdiet lectus aliquam sit amet. Morbi congue vulputate pellentesque. Donec dictum lobortis porta. Nam ultricies turpis ac mi ultrices efficitur. Orci varius natoque penatibus et magnis dis parturient montes, nascetur ridiculus mus.

Nunc luctus arcu at nibh volutpat fermentum. Etiam nec egestas lectus. Integer posuere ligula vel tellus pellentesque, sed pellentesque nisl volutpat. Etiam facilisis est in porta venenatis. Sed sagittis porta malesuada. Quisque elit dui, laoreet sit amet vestibulum at, ornare eu purus. Nunc accumsan risus sit amet mauris tincidunt, eget lobortis est congue. Proin malesuada ligula non commodo sollicitudin. Nunc a accumsan velit. Integer fringilla nunc elit, at ornare velit maximus vel. Morbi tincidunt sed massa eu sollicitudin. Vestibulum eget ipsum nec dolor egestas maximus.

Etiam facilisis, mauris non lacinia viverra, lorem sem luctus eros, nec egestas magna nunc eget risus. Morbi eleifend sem quis risus suscipit, eu vulputate lorem molestie. Nam non dignissim sapien. Cras vel finibus libero. Proin cursus tortor ut congue viverra. Donec nec rutrum nisl. Cras ultrices turpis vitae justo porta pharetra. Aenean ac ultricies nulla. Donec rutrum augue sed odio scelerisque efficitur. Integer et aliquam libero. Nullam a nibh dolor. Nunc maximus quam ac mauris ultricies, non imperdiet ex semper. Interdum et malesuada fames ac ante ipsum primis in faucibus. Donec auctor, turpis at aliquet placerat, felis lacus commodo lacus, non viverra magna dui at justo.

Fusce pulvinar iaculis massa ac dignissim. Aliquam blandit laoreet aliquam. Integer laoreet ut lacus ultricies dignissim. Duis purus massa, molestie at sapien eget, porta commodo risus. Maecenas finibus condimentum est et aliquam. Nullam efficitur lectus sit amet ante sodales, eu rutrum sapien eleifend. Sed id sapien id sapien hendrerit feugiat eget maximus enim. Maecenas pharetra ex massa, at consectetur elit auctor in. Integer egestas laoreet ipsum sit amet feugiat. Morbi venenatis justo ac dolor malesuada scelerisque. Fusce aliquet non mi sit amet fringilla. Mauris felis lectus, dictum ac justo ut, vulputate commodo dui.

Donec orci lectus, tempus a dignissim eget, sagittis non dui. Vivamus in augue et justo gravida placerat non tempus orci. Donec sit amet justo in nibh mattis efficitur. Suspendisse at posuere velit, nec vestibulum sapien. Proin dictum, metus sit amet pulvinar feugiat, nibh odio consectetur tellus, eu sagittis dolor lacus ut sapien. Sed efficitur neque tortor, quis ultricies neque vestibulum vitae. Proin laoreet ipsum a blandit congue.

Ut sit amet mi a dui pharetra lacinia vitae eleifend tellus. Donec velit sapien, consectetur id faucibus id, mattis id turpis. Duis interdum neque eros, sit amet viverra dui sodales quis. Duis dictum ante eros, sit amet iaculis purus interdum in. Morbi non ligula id nunc fermentum sodales. Suspendisse dapibus facilisis fringilla. Praesent nec pharetra velit, in fermentum nibh. Integer feugiat porta est. Maecenas sit amet dolor non mi pulvinar pulvinar. Donec pellentesque dictum pulvinar. Donec tempor est ex, vel mollis est suscipit in. Sed quis nisl leo. Cras tempor lorem mi, quis condimentum diam auctor at. Praesent eget dictum ante.

Mauris ac varius nulla. Proin porta rhoncus dolor eget egestas. Proin id est enim. Maecenas volutpat a dolor vel mollis. In at turpis sem. Morbi vel turpis ac orci auctor consectetur. Vivamus erat enim, blandit quis vulputate sit amet, eleifend sed diam. Mauris finibus sapien in lacus vehicula ornare. Class aptent taciti sociosqu ad litora torquent per conubia nostra, per inceptos himenaeos.

Phasellus vulputate in purus vitae volutpat. Etiam mattis, sapien ut malesuada molestie, dolor nibh pellentesque mauris, ut rhoncus magna libero sed quam. Fusce mollis bibendum enim, sed ornare lacus vestibulum non. Etiam accumsan tristique sollicitudin. Curabitur metus elit, sodales a metus id, ultrices cursus nisi. Aliquam pretium enim tortor, ac aliquam arcu accumsan quis. Sed eros mauris, dignissim ut elit vitae, elementum vulputate metus. Donec commodo nisi eget porta iaculis. Praesent suscipit semper purus nec vestibulum. Nunc tempor at nisi pretium pretium. Fusce velit est, pulvinar in ullamcorper id, euismod ullamcorper felis. Vestibulum risus magna, eleifend vel varius sit amet, fermentum vitae libero. Quisque ligula mauris, luctus at rhoncus a, pellentesque a dolor. Nullam faucibus eros quis vehicula ullamcorper. Maecenas condimentum nulla eget ante vehicula lacinia. Vestibulum lobortis tempus ex.

Maecenas bibendum placerat enim, ut tempor enim malesuada ut. Etiam fringilla neque commodo, imperdiet nisi in, blandit ligula. Praesent vitae magna et mauris gravida vulputate non nec felis. In quis tincidunt odio, et hendrerit justo. Mauris lectus quam, dapibus ut arcu eu, feugiat congue turpis. Nam sagittis est ut est imperdiet, a venenatis tellus tincidunt. Nulla facilisi. Vivamus lacinia dolor leo. In hac habitasse platea dictumst. Vestibulum ac eros mauris. Curabitur mattis semper lorem vel venenatis. Curabitur posuere tristique leo eu sodales.

Cras feugiat, orci sed maximus auctor, lacus nisi blandit urna, quis lobortis turpis eros a nibh. Mauris posuere mollis mauris ac semper. Phasellus nibh tellus, eleifend ut imperdiet vitae, ullamcorper et ipsum. Suspendisse eu justo at mauris lacinia semper. Aliquam pharetra tortor leo, sed vulputate mauris porttitor at. Pellentesque urna elit, varius commodo sollicitudin ut, mollis quis dui. Proin blandit massa id orci condimentum condimentum. Nunc efficitur quam urna, ac egestas risus tristique vel. Donec vel neque vitae mauris ullamcorper faucibus ac eget neque. Fusce vehicula dui eu convallis malesuada. In dolor ipsum, condimentum sed tristique eu, blandit non nisl.

Donec sed efficitur nisl. Aenean eu molestie arcu. Phasellus a lobortis ante, a venenatis tortor. Etiam dictum velit ac dui auctor congue. Fusce ut ligula ac orci consectetur porta sit amet ut nunc. Suspendisse vel massa nibh. Duis porta venenatis lorem mattis vehicula. Pellentesque hendrerit tortor arcu, quis condimentum ligula commodo vitae. Vestibulum magna massa, volutpat non lorem non, interdum efficitur diam. Maecenas suscipit, est vitae hendrerit cursus, eros leo semper diam, sit amet ullamcorper enim sapien eu justo. Ut congue convallis libero, eget eleifend sem. Maecenas in ante a tellus imperdiet dapibus nec commodo ex.

Vivamus efficitur arcu ut mauris condimentum, quis aliquet sapien ornare. Aenean nec nulla molestie lorem fermentum ultricies. Nam scelerisque bibendum felis, in molestie augue bibendum eu. Integer mi felis, iaculis in metus a, tincidunt suscipit urna. Integer molestie lobortis libero nec egestas. Praesent id justo congue, bibendum risus quis, dictum felis. Suspendisse tortor urna, feugiat quis vulputate vel, consequat et nisi. Vivamus in malesuada augue. Morbi ligula dui, rutrum vitae rutrum eget, convallis a nunc. Sed sagittis dictum elit, sed suscipit enim. Donec tempor magna odio, vel cursus justo congue in. Vestibulum cursus ligula nec lectus interdum, vitae euismod dolor viverra. Proin dignissim consectetur velit.

Ut rhoncus ex sed tristique molestie. Maecenas libero turpis, pulvinar aliquam magna ac, maximus pretium nulla. Aenean tristique ut neque sed fringilla. In suscipit velit dui. Praesent ultrices ante nisl, a consectetur nulla scelerisque in. Aliquam et nisl quam. Aenean sodales purus erat, ac gravida sem imperdiet sed. Pellentesque dolor sapien, dictum ut dictum id, posuere ac justo. Phasellus at dictum mi, at commodo arcu. Nulla finibus nisi vel risus ultricies rhoncus. Vestibulum vestibulum orci orci, eu luctus nisl commodo eu. Ut venenatis mattis enim sit amet venenatis. Duis eget viverra turpis. Cras venenatis, arcu sed feugiat accumsan, urna nisi dignissim nisi, ut tempus libero ligula quis felis.

Curabitur pretium bibendum felis, id gravida orci porta at. Vivamus vitae turpis sed tortor efficitur blandit. Cras vehicula, purus sed laoreet rhoncus, magna ex cursus diam, non molestie quam justo eget tortor. Curabitur tincidunt, lectus eget varius volutpat, dolor metus sodales elit, vitae varius ex lacus in nisi. Sed neque tortor, venenatis eleifend lacus vitae, posuere porttitor dolor. Etiam id pellentesque quam. Aliquam hendrerit mauris ipsum, a sodales mi fermentum ut. Nullam lacinia, justo ac pharetra vulputate, sem turpis gravida mauris, a porta turpis urna vel ex. Morbi malesuada maximus turpis eu vulputate. Etiam sit amet convallis ex. Pellentesque neque mi, scelerisque id consequat mattis, pretium iaculis tortor. Vestibulum ornare iaculis est id dapibus. In sit amet quam id nulla posuere volutpat. Integer elementum, leo sed euismod iaculis, dolor mauris viverra ipsum, a aliquam erat risus ac nibh.

Duis nunc orci, placerat sit amet finibus vel, maximus ut ante. Vivamus dignissim est quis metus aliquet, quis ultricies dolor dapibus. Vivamus vitae orci at sapien pretium tempor sed dictum leo. Pellentesque massa lacus, placerat et lectus et, iaculis dapibus nunc. Cras in quam porttitor, ullamcorper sapien pharetra, euismod nisi. Nunc tincidunt lacus congue, tincidunt nulla eu, vulputate odio. Nam placerat, libero a lacinia dapibus, lorem quam molestie mi, vel vulputate velit lectus eu nisi. Sed eu ipsum consectetur, dapibus dui posuere, lobortis mi. Integer quis urna nec lorem egestas maximus non dictum elit. Pellentesque nibh turpis, facilisis id placerat vitae, tempus sed mauris. Donec ut cursus mauris, eget posuere elit. Donec dictum ultricies diam, et porttitor diam dictum in. Curabitur consequat lacus eros.

Ut ac rutrum massa, vel egestas purus. Nam tempor dignissim fringilla. Morbi ac scelerisque neque. Fusce massa nisl, porta non suscipit sit amet, commodo in felis. Nunc lobortis vel metus quis gravida. Quisque pretium pretium purus, tempor scelerisque dolor pulvinar eget. Pellentesque at neque arcu. Sed scelerisque, erat quis pretium mollis, enim elit ornare tortor, quis convallis lacus lorem non purus. Suspendisse tincidunt elit quis auctor vulputate. Curabitur vel lectus metus.

Class aptent taciti sociosqu ad litora torquent per conubia nostra, per inceptos himenaeos. Aenean rutrum cursus mauris, ornare semper est posuere blandit. Donec vestibulum, urna nec congue tempor, turpis velit condimentum ipsum, ac finibus turpis nunc ut elit. Pellentesque convallis imperdiet nisl. Curabitur finibus, urna et ultricies dignissim, lacus sapien feugiat est, euismod sodales dolor urna et leo. Pellentesque elit ex, egestas id egestas sollicitudin, mattis sed neque. Quisque massa mi, tempor lacinia vulputate ac, efficitur ac velit. Donec nec risus commodo, auctor felis in, pretium ligula. Quisque nec laoreet est. Suspendisse porta felis quis augue imperdiet, eget convallis elit venenatis.

Suspendisse in massa sit amet massa fringilla ultricies. Sed luctus, neque at aliquam laoreet, metus dolor mollis ante, vel facilisis dolor sem at libero. Cras vel convallis magna, pulvinar suscipit nibh. Nam consequat volutpat nisi sit amet iaculis. Nunc blandit dolor et rutrum aliquam. Proin rutrum eget ex sit amet elementum. Curabitur ornare erat a quam cursus vulputate non quis arcu. In et leo nulla. Quisque et elementum magna, vel finibus tortor. Nunc vitae laoreet risus. Praesent diam augue, bibendum vitae massa iaculis, sollicitudin lobortis erat. Proin sed blandit neque, eget maximus ligula. Duis vitae tempor ex, convallis tempor diam. Nullam id nisl auctor, venenatis diam semper, posuere orci. Morbi in semper massa, sed venenatis nulla. Ut sit amet erat quis urna fringilla dictum nec viverra tellus.

Sed magna dolor, venenatis non luctus eu, imperdiet ac dolor. Cras quis purus ultrices, suscipit purus eget, pellentesque mauris. Maecenas finibus bibendum euismod. Nulla iaculis diam et arcu rhoncus, eget suscipit lectus dictum. Curabitur finibus fringilla ex eu aliquet. Maecenas vel fermentum enim, id pulvinar diam. Integer fringilla nunc ut felis tempor, eu ullamcorper velit porta. Praesent cursus, nisi et consequat condimentum, risus ante scelerisque est, nec varius ligula augue sit amet dui. Etiam ut tristique quam. Vivamus molestie pulvinar maximus. Nulla sed convallis ante. Vivamus rutrum massa at odio mattis, ac porttitor nunc fermentum. Pellentesque in commodo leo, id mollis lectus. Sed nec magna a turpis congue malesuada. Vivamus leo sapien, laoreet a varius euismod, auctor quis nibh. Maecenas pretium lorem metus, id auctor nibh accumsan quis.

Nulla eu est eu tortor condimentum ullamcorper ut non sem. Curabitur elementum sollicitudin consequat. Nam aliquam metus bibendum, semper velit sed, malesuada ante. Suspendisse vel orci eu metus pretium luctus in ac orci. Vivamus a ligula sollicitudin, facilisis tortor a, mollis erat. Fusce scelerisque eleifend interdum. In fermentum mattis vulputate. Nullam et ipsum mattis dolor euismod molestie. Pellentesque convallis pellentesque commodo. Phasellus elementum sodales erat, at scelerisque tortor tempus et. Donec mollis turpis in hendrerit luctus. Vestibulum ante ipsum primis in faucibus orci luctus et ultrices posuere cubilia curae; Vestibulum scelerisque pellentesque dui, sed dignissim lorem. Sed ornare est pretium lectus commodo maximus. Donec porttitor eros odio, nec iaculis magna lobortis non. Morbi consequat nisl nec nulla finibus iaculis.

Vestibulum sit amet pulvinar sem, id ultricies nisi. Curabitur sodales sodales aliquam. Proin eu metus elit. Pellentesque quis ipsum sed nisi fringilla consectetur. Nunc nisl nisi, bibendum sit amet condimentum at, cursus eu est. Fusce hendrerit tellus eros, sit amet condimentum ante dictum eu. Praesent euismod ut dolor eleifend scelerisque. Proin posuere lacus eget tellus congue, condimentum dapibus arcu condimentum. Maecenas non mollis felis. In mollis ex nec mauris sagittis, et scelerisque enim maximus. Pellentesque odio augue, accumsan sit amet nisi et, lobortis pharetra leo. Morbi gravida ante quis mi laoreet sodales.

Duis augue lacus, viverra eu purus sit amet, pharetra interdum arcu. Quisque vel varius velit. Sed gravida tellus non sapien interdum condimentum. Sed finibus gravida blandit. Mauris elementum arcu libero, in facilisis nisi varius quis. Curabitur dapibus mollis cursus. Vivamus quis est convallis, suscipit purus ut, mollis ipsum. Maecenas imperdiet aliquam magna ac fringilla. Suspendisse commodo commodo sapien, eget ultricies nulla posuere sit amet. Quisque et interdum nulla.

Ut vitae leo ut dui suscipit rutrum nec nec eros. Cras imperdiet enim sed neque lacinia sodales. Nullam massa lectus, malesuada vitae ultricies laoreet, cursus eget nisi. Quisque vel convallis nulla. Pellentesque quis nisi suscipit, pharetra orci eu, ornare urna. Nullam faucibus vulputate suscipit. Morbi non justo urna. Praesent vestibulum porttitor purus vitae condimentum. Morbi sapien sem, viverra ut ante quis, cursus mollis magna. Nam convallis metus dui, in pellentesque turpis pellentesque vel. Maecenas nec sem dolor. Donec eu orci ac ante tincidunt malesuada nec id justo. Phasellus tristique vitae tortor ac dapibus.

Sed ullamcorper magna et arcu volutpat, vitae posuere nisi viverra. Maecenas ullamcorper tristique orci, ut commodo odio congue et. Praesent tincidunt libero sit amet odio tincidunt, vitae convallis ex maximus. Phasellus est lectus, rutrum a tellus et, sagittis sodales est. Nulla vehicula risus quis est tempor, quis euismod eros ullamcorper. Integer a vestibulum purus. Etiam pellentesque aliquam odio, vitae venenatis justo luctus a. Mauris varius sapien eros, nec volutpat enim pharetra non. Nunc et mi accumsan orci sodales venenatis. Nam eu metus non est consequat volutpat. Morbi imperdiet, augue rhoncus imperdiet semper, lorem mauris interdum risus, nec gravida elit diam sit amet ligula. Maecenas nec tempor nunc, nec pulvinar augue. Ut ac volutpat ex.

Etiam sodales congue blandit. Cras quis metus a leo molestie feugiat. Donec eget massa vestibulum, maximus massa a, gravida orci. Etiam commodo enim quam, nec porta massa sodales non. Morbi mollis risus a leo ultrices, a venenatis ex congue. Maecenas condimentum ipsum suscipit, semper nibh consequat, convallis turpis. Mauris vitae massa pretium, vulputate turpis non, porttitor turpis. Donec faucibus venenatis purus ac ultrices. Suspendisse eleifend nunc a aliquam vestibulum. Aenean consectetur tempor nunc, vitae faucibus elit sagittis at.

Aenean nibh tellus, eleifend ac vulputate eu, consequat id mi. Sed tempus egestas est, ac mollis turpis venenatis sed. Maecenas porta, arcu ac mollis blandit, ex lacus aliquet dolor, et condimentum risus leo sed elit. Cras feugiat pellentesque est, vel convallis dolor lobortis ut. Mauris et mauris a mauris egestas pulvinar. Integer sit amet erat rutrum, molestie tellus dapibus, tempor felis. Ut felis enim, ornare non nibh quis, tristique convallis ante. Donec eget quam efficitur, pretium nisl ut, malesuada erat. Quisque lacinia nunc id fermentum mollis.

Ut vitae quam feugiat mauris scelerisque dignissim in in enim. Ut lobortis leo urna, sit amet dapibus nisl tincidunt et. Proin sagittis tristique orci non commodo. Quisque vel finibus quam, nec congue lorem. Lorem ipsum dolor sit amet, consectetur adipiscing elit. Suspendisse nec sapien non metus ornare mollis non vitae ligula. Curabitur diam enim, consectetur id sodales id, pulvinar eget neque. Proin pharetra bibendum euismod. Pellentesque at cursus metus. Cras posuere blandit arcu, eget placerat odio condimentum non. In molestie aliquam neque quis bibendum. Duis vitae tempus quam, ac lobortis turpis.

Nullam volutpat mattis dignissim. Morbi non diam vitae nunc pharetra fermentum. Aenean ac mi augue. Orci varius natoque penatibus et magnis dis parturient montes, nascetur ridiculus mus. In vulputate nulla metus, ut vehicula nibh varius in. Morbi porta nunc eu lectus facilisis dapibus. Maecenas non eros augue. Integer aliquet, mi ornare pellentesque faucibus, nibh tellus pretium lorem, quis interdum mauris diam quis turpis. Sed pulvinar convallis mattis. Maecenas rhoncus nisi quis mi interdum, non elementum diam tristique. Morbi sed diam a odio hendrerit scelerisque cursus id diam. Aenean a est vel dolor rhoncus sagittis a vel diam. Nulla consequat dolor consequat, aliquet neque sed, elementum diam.

Etiam facilisis turpis at elit tincidunt, sit amet dapibus sapien egestas. Integer ut aliquam eros. Vestibulum tempor, nisi vitae volutpat cursus, justo lorem mattis lectus, eget ullamcorper lacus dolor gravida odio. Morbi pharetra ligula lectus, vel egestas mauris laoreet in. Aenean sed iaculis arcu. Aliquam dignissim libero vitae quam maximus, vitae vestibulum lectus accumsan. Maecenas elementum in diam vitae rhoncus. Maecenas facilisis purus quis massa tristique, sit amet convallis enim facilisis. Aenean sit amet magna non arcu vulputate feugiat. Nullam sit amet sapien quis risus venenatis luctus. Etiam ex urna, laoreet ut tortor sed, placerat lobortis ipsum. Aliquam a interdum justo, mattis ornare massa. Donec sagittis felis sodales, convallis enim eu, posuere odio.

Donec quis purus ex. Cras sollicitudin blandit massa, at ultrices turpis vestibulum ac. Curabitur ultricies blandit sem, id vehicula ex luctus at. Nunc ac tortor nunc. Suspendisse eget enim quis leo efficitur pretium ac in eros. In hac habitasse platea dictumst. Ut libero ex, lobortis sed justo at, semper vestibulum tortor.

Nam eu consequat enim. Donec quis velit suscipit, sodales lacus eu, varius nunc. Nullam id augue nec metus tempor fringilla. Pellentesque vitae quam ut ligula laoreet convallis vel vitae nulla. Sed vitae auctor eros. Maecenas sit amet enim augue. Aliquam nec rutrum urna, a vulputate ante. Maecenas viverra a sapien at blandit. Aliquam cursus venenatis aliquet.

Nam eros neque, bibendum at dapibus non, semper quis enim. Vestibulum mattis vitae ligula eget pellentesque. Quisque a est in tortor vulputate pellentesque. Sed a iaculis est, at sollicitudin turpis. Duis ornare at tellus egestas fringilla. Sed pharetra iaculis tristique. Nam id nisi varius, tincidunt metus ac, cursus orci. Aenean eget ex fringilla, egestas sem a, pharetra eros. Pellentesque faucibus, sapien non ornare semper, nisi orci egestas felis, vel tincidunt odio lacus in nibh. Mauris ut turpis varius, ornare velit nec, venenatis tellus. Maecenas aliquet sed metus ut tempor.

Aenean convallis diam est, quis dictum leo commodo eu. Curabitur fermentum ipsum auctor massa scelerisque, id tristique felis malesuada. Nunc non sem justo. Donec tincidunt libero id vulputate gravida. In ut tristique diam. Cras id odio non leo euismod dapibus semper a mi. Donec dui elit, consectetur eu arcu eget, pellentesque tincidunt est. Mauris vel bibendum odio. Duis sed cursus urna, at consectetur ante. Mauris placerat nulla non consequat accumsan. Nullam dictum elementum euismod. Donec semper pharetra hendrerit. Ut hendrerit ac massa ut elementum. Duis quis lobortis diam, ac pellentesque urna.

Sed venenatis, tellus eget hendrerit viverra, tellus neque tincidunt lorem, condimentum laoreet ex diam quis felis. Maecenas tincidunt ligula molestie consectetur posuere. Mauris id nibh fringilla, tempus purus in, iaculis lectus. Phasellus euismod aliquet sapien eu lobortis. Sed ac luctus neque. Aenean suscipit nulla nec sagittis posuere. Quisque in tortor ipsum. Nulla tellus diam, finibus eu interdum ut, pharetra non dolor. Aliquam imperdiet ante et iaculis mattis. Curabitur blandit nisi quis felis dictum, ac feugiat enim feugiat. Suspendisse id diam sit amet mauris egestas vehicula id lobortis purus. Nam ac facilisis nibh, vestibulum imperdiet orci. Integer pulvinar consectetur ullamcorper. Fusce tincidunt sit amet risus vulputate bibendum. Donec vestibulum odio eros, vel dignissim felis lacinia a. Pellentesque risus tellus, sagittis nec vulputate varius, tincidunt quis diam.

Etiam ullamcorper leo a nunc pharetra, sit amet volutpat leo cursus. Donec facilisis ac nisl ut fermentum. In id quam id mauris accumsan tincidunt id eget tellus. Aenean pulvinar ut nulla ac semper. Nunc sed eleifend urna. Nullam sagittis et nisl vitae laoreet. Donec eget sodales odio, et venenatis orci. Aenean vitae varius nisl. Nam orci neque, auctor et ex quis, mattis malesuada nibh. Sed ut pharetra dui, ac tempor dolor. Vestibulum ut dapibus neque. In augue magna, lacinia eu nunc vel, maximus tempor urna.

Ut commodo lacus vitae mauris malesuada, sit amet fermentum sem volutpat. Vivamus volutpat est metus, sed elementum lectus tincidunt quis. Mauris congue feugiat quam, quis faucibus enim semper quis. Curabitur cursus lectus nunc. Donec aliquet nisl nisi, quis vestibulum neque finibus quis. Praesent porta sollicitudin urna eget blandit. Mauris rutrum efficitur ultricies. Suspendisse hendrerit felis id bibendum feugiat.

Vestibulum egestas ex at ipsum mattis, eget vestibulum sem semper. Aenean vel dignissim est. Aenean et ligula et lorem malesuada ultrices. Aenean et vestibulum erat, quis efficitur libero. Vestibulum non malesuada urna. Quisque sollicitudin leo vitae ultricies cursus. Proin mauris enim, eleifend rutrum maximus sed, vulputate a tortor.

Interdum et malesuada fames ac ante ipsum primis in faucibus. Pellentesque scelerisque turpis volutpat libero dignissim, vitae viverra nulla vehicula. Nam eget finibus nulla, varius interdum nibh. Vivamus eget cursus neque. Aliquam auctor, est nec tincidunt condimentum, sem erat consequat justo, a sollicitudin mi nibh at odio. Aenean a lorem quam. Mauris sed nunc consequat, feugiat sapien at, cursus turpis. Fusce diam dui, consectetur sit amet lacinia nec, suscipit sed massa. Pellentesque efficitur, dolor eu vulputate bibendum, justo odio malesuada mi, quis tincidunt ligula erat non lacus. Nam eget cursus arcu. Pellentesque placerat nisi dui, a volutpat ante venenatis a.

Donec ut metus vel orci rutrum convallis. Nullam imperdiet diam sed risus ornare posuere. Integer quis posuere leo. Mauris at dolor sed nulla suscipit suscipit. Donec mollis lacus quis pellentesque viverra. Vestibulum ante ipsum primis in faucibus orci luctus et ultrices posuere cubilia curae; Nam porttitor laoreet maximus. Maecenas lacus odio, facilisis et varius sed, posuere in neque. Aenean tempor porta massa, in venenatis felis. Ut finibus ante at tortor tempus, vel malesuada tortor interdum. Mauris tincidunt varius ex nec hendrerit. Sed maximus arcu ex, in finibus ligula ultricies at. Mauris at urna nunc. Aenean eget fringilla magna.

Morbi congue sodales elit vel tristique. Nulla et venenatis augue. Donec quis risus sollicitudin est luctus maximus. Sed elit arcu, pretium in euismod quis, pharetra in eros. Interdum et malesuada fames ac ante ipsum primis in faucibus. Donec porttitor nulla et imperdiet vulputate. Aenean eu pellentesque sem.

Donec tincidunt, nisl nec dictum posuere, ex neque imperdiet risus, vitae imperdiet nibh ligula vel nunc. Pellentesque molestie mollis tortor eu aliquet. Curabitur in consectetur leo. Vivamus suscipit sodales nulla sed porta. Suspendisse vitae auctor massa, eget varius metus. Donec pharetra malesuada ligula quis ultricies. Fusce pharetra, nisl ac viverra faucibus, ex libero tristique urna, non vulputate massa nibh id velit. Pellentesque molestie non nunc at finibus. Pellentesque finibus eros odio, ut vulputate ex suscipit id. Nunc aliquet bibendum tellus, viverra efficitur elit ornare sit amet. Pellentesque imperdiet viverra blandit. Nunc et leo tincidunt, rhoncus ipsum nec, mollis felis. Morbi dapibus felis quis mi facilisis, aliquet egestas nibh vehicula. Donec auctor, neque sed cursus luctus, sapien sem sagittis dolor, sit amet aliquet massa orci non dolor. Suspendisse et tempor eros, in vestibulum elit. Maecenas sit amet ultrices metus, sit amet pharetra quam.

Curabitur nunc turpis, convallis sed porta sed, dignissim vel orci. Curabitur dictum maximus mi in egestas. Cras tempor odio eget commodo pellentesque. Nunc lacinia dapibus aliquet. Proin eget lacus sit amet orci eleifend semper et sed arcu. Praesent bibendum et leo non ornare. Aenean ut iaculis enim, sed porttitor leo. Mauris efficitur accumsan orci, eget egestas ligula bibendum sagittis. Fusce at odio volutpat, commodo massa vel, lacinia erat. Integer ut gravida sem. Sed commodo gravida sem, id mattis elit posuere et.

Nam vel fermentum urna. Vestibulum ante ipsum primis in faucibus orci luctus et ultrices posuere cubilia curae; Sed at mauris rhoncus, luctus augue ut, eleifend nisl. Nulla facilisi. Phasellus pellentesque augue at magna sodales cursus. Donec sed pellentesque nunc. Ut in dignissim nulla. Vivamus id mauris hendrerit, malesuada mauris sit amet, tristique sem. Nullam fermentum placerat purus eget commodo. Proin efficitur dapibus purus scelerisque facilisis. Duis molestie tincidunt pellentesque. Nulla euismod leo non augue laoreet molestie. Suspendisse interdum nulla tempor diam aliquet porta.

In efficitur sed ipsum in vehicula. In nulla velit, elementum quis tempus eu, pharetra quis nisl. Quisque non fermentum sem. Proin nec tellus ex. Vestibulum faucibus lectus dui, quis pretium enim commodo eu. Praesent bibendum, purus id pellentesque consequat, nisi tortor hendrerit tellus, in luctus nisi nisl id felis. Sed volutpat, orci in eleifend viverra, augue ipsum interdum nisl, et efficitur augue diam a libero. Curabitur posuere auctor libero ut faucibus.

Phasellus ornare magna nulla. Ut ac vulputate libero, eu tempus felis. Praesent pharetra finibus mi vel sagittis. Donec est est, fringilla in lectus sed, pulvinar fermentum quam. Ut ac felis vitae risus semper vestibulum vitae sed orci. Donec id ultricies lorem, eu varius justo. Fusce lacus ex, scelerisque quis consectetur ut, fringilla nec turpis. Quisque id porttitor lorem. Morbi suscipit elit ut laoreet commodo. Nam egestas scelerisque felis, ut scelerisque enim ullamcorper at. Cras lectus massa, bibendum quis mattis sit amet, venenatis quis elit. Quisque pharetra arcu eget rhoncus volutpat. Donec viverra ex tellus, sollicitudin accumsan augue pretium in. Proin sodales massa vel lacus ultrices, mollis rhoncus nunc scelerisque.

Ut rhoncus orci scelerisque, aliquet nisi dignissim, volutpat metus. Proin nulla nibh, consequat et nunc at, ornare auctor neque. Cras at mattis dui. Quisque viverra est est, sed ullamcorper erat porta nec. Donec aliquam tortor lacus, a lacinia turpis auctor ac. Phasellus lobortis nisi elit. Fusce venenatis est massa, id suscipit arcu egestas at. Sed quis convallis eros, et sodales massa. Maecenas metus diam, pretium ac leo sit amet, imperdiet lobortis felis. Sed vel commodo mi. Nullam in varius felis, sed malesuada dui. Proin sit amet blandit diam, vitae finibus sem. Sed eu semper lectus. Pellentesque nec nunc dignissim, suscipit velit sit amet, cursus mi. Etiam porttitor viverra metus a feugiat. Pellentesque pharetra blandit magna, eget egestas neque blandit nec.

Vivamus pellentesque tortor ultricies, mattis sapien euismod, ullamcorper turpis. Praesent id posuere turpis. Cras tincidunt vestibulum purus. Vivamus et neque semper, sagittis diam at, facilisis massa. Ut ultricies metus eu nunc accumsan placerat. Quisque volutpat ac erat at malesuada. Mauris volutpat enim in velit blandit sollicitudin. Nullam aliquam ante eget mauris porta ornare. Vestibulum placerat, mi eu accumsan malesuada, velit nisi commodo elit, sed auctor dui nulla imperdiet erat. Nullam ultrices id tellus vulputate sodales. Proin leo urna, luctus et turpis elementum, fringilla iaculis neque. Etiam id egestas enim. Nam nulla nunc, accumsan vitae consequat nec, aliquet sed ligula. Vestibulum libero libero, aliquet et interdum nec, fermentum in erat. Donec consectetur interdum iaculis. Suspendisse eleifend risus sapien, vestibulum luctus urna dapibus et.

Fusce vel leo tempor, pulvinar arcu vel, pretium enim. Nullam sodales diam nec efficitur hendrerit. Maecenas molestie enim lorem, ac placerat ante suscipit vel. Nunc tempor accumsan risus, eu pulvinar odio. Maecenas a risus eget elit elementum vestibulum. Aenean ligula magna, dapibus ac auctor posuere, venenatis a nisi. Integer sed imperdiet dui. Mauris dignissim, mauris sit amet porttitor vulputate, nulla ex laoreet arcu, et pretium risus libero ut diam. Pellentesque efficitur augue eget urna molestie dignissim. Etiam posuere ligula ac arcu imperdiet, at ornare ipsum ullamcorper. Aliquam sed egestas enim. Vestibulum in urna fringilla, feugiat est vel, varius urna. Nunc efficitur consectetur nibh, elementum placerat ante posuere nec. Suspendisse ac tincidunt orci. In sit amet feugiat turpis, et porttitor sem.

Phasellus tempus ultrices ultricies. Donec et aliquet lectus. Suspendisse tempor ultricies purus vitae blandit. Integer a nibh mauris. Cras sed dictum erat. Etiam lorem leo, luctus vel mauris in, egestas congue arcu. Nulla ac lectus malesuada, congue massa vitae, bibendum est. Quisque volutpat purus sed erat dictum, et sagittis tortor euismod. Proin ipsum turpis, malesuada id urna at, lacinia elementum diam. Aliquam semper odio tempus ante tristique, a efficitur velit vehicula. Quisque lacus elit, tincidunt et euismod at, ullamcorper quis ipsum.

Morbi in ullamcorper elit, at porttitor eros. Sed imperdiet vulputate imperdiet. Donec congue lacus vulputate mi luctus cursus quis sed dui. Donec et fermentum lorem, sed volutpat nisl. Nunc posuere lobortis odio, aliquet pharetra justo porta eget. Curabitur et luctus massa. Cras quis sollicitudin arcu, ac hendrerit nunc. Integer venenatis odio augue, ac vehicula tellus ornare et. Pellentesque nec lectus ut nisi egestas consectetur non imperdiet urna. Vivamus vulputate in sapien a suscipit. Interdum et malesuada fames ac ante ipsum primis in faucibus. Curabitur iaculis in neque at tempus. Nulla velit sem, porttitor nec est et, semper maximus velit.

In leo libero, porttitor eu neque ut, tristique ornare ante. Maecenas mattis sagittis blandit. Morbi in elementum erat, eget eleifend dolor. Cras a tempus turpis. Sed scelerisque, neque in rutrum vulputate, leo eros feugiat nisl, ac sagittis orci ex molestie orci. Cras varius lobortis est, eu congue tellus. Nam vel tellus dapibus, rutrum est hendrerit, consectetur massa. Nam quis augue tincidunt, auctor arcu et, dapibus tortor. Vestibulum at erat tincidunt lectus vehicula ultricies. Suspendisse aliquam augue sed velit lobortis egestas. Ut sagittis tempus purus vel ornare.

Maecenas vulputate eget tortor sed faucibus. Aliquam at quam magna. Ut velit leo, varius vitae consequat facilisis, mattis vitae dui. Nam laoreet commodo augue vel cursus. Nullam euismod ac tellus et tempor. Donec eu elit lectus. Mauris sollicitudin lorem auctor leo mattis, in egestas leo ornare. Etiam in condimentum magna, quis ornare felis. Fusce ut purus est. Sed fringilla nec diam et ultrices. Pellentesque eu risus eu ex fringilla scelerisque.

Nam ullamcorper ipsum vel molestie varius. Vivamus nec lorem sagittis, tristique diam quis, auctor metus. Sed vitae felis vitae ante tempus lobortis vel ut felis. Phasellus et ex mauris. Praesent sapien sem, pulvinar in cursus ac, dapibus nec leo. Aliquam odio nunc, rutrum ut finibus id, euismod ac leo. Suspendisse potenti. Curabitur mattis, risus vitae faucibus aliquet, mi elit cursus risus, sed venenatis nibh urna in risus. Phasellus ornare molestie odio, a tempus felis cursus ut. Sed a metus sed eros tempus pretium. Nulla pharetra pellentesque mi, dapibus fringilla arcu varius congue. Donec risus tortor, scelerisque id interdum vel, fermentum blandit nunc. Praesent id leo turpis.

Maecenas justo lectus, laoreet sed tellus a, mollis pulvinar diam. Donec eget libero velit. Phasellus facilisis rhoncus commodo. Morbi et leo in lacus laoreet vehicula. Duis ante lacus, tincidunt vitae fermentum in, feugiat quis urna. Sed porttitor porta suscipit. Nulla suscipit velit eget nunc placerat vehicula. Nullam rutrum, tortor sit amet ornare semper, libero enim rhoncus quam, ut pharetra urna neque eu quam.

Maecenas ac metus magna. Phasellus vehicula sagittis neque ut fringilla. Nullam mattis dui nulla. Pellentesque congue maximus bibendum. In ullamcorper nisl ut mauris commodo aliquam. Cras ornare rutrum dolor, sed ultricies odio pretium eu. Nam mauris urna, lacinia sit amet mattis id, viverra id elit. Vivamus vel fringilla ligula, a mattis risus. Aliquam non tellus blandit, venenatis ipsum vitae, auctor nisl. Duis a diam et mi porttitor sodales ac vel ex.

Suspendisse at magna tincidunt, scelerisque nunc a, euismod nisl. Nulla sed porttitor turpis. Donec mattis dui nec arcu laoreet facilisis. Etiam suscipit nec nulla at faucibus. Ut et felis cursus, ultrices elit quis, efficitur dolor. Fusce vulputate ligula eget interdum semper. Donec commodo auctor erat, eget facilisis libero vehicula in. Integer eu consectetur turpis. Integer ut elit placerat dui gravida tristique quis et sapien. Maecenas vehicula cursus sem ac sodales. Duis lacinia erat mauris, ut sollicitudin purus vulputate eleifend.

Morbi molestie pretium est, sit amet ultricies quam aliquet ac. Vivamus finibus dolor in risus volutpat, quis elementum leo maximus. Nunc porta mauris lobortis, congue turpis a, tincidunt mi. Quisque est tellus, interdum id ornare ut, sagittis id lacus. Etiam nulla sapien, tincidunt ut pulvinar vitae, vestibulum in mi. Proin bibendum vestibulum nisl ut ornare. Proin at urna urna. Nam in venenatis purus. Praesent dolor lorem, scelerisque ac imperdiet ut, dictum eget erat. Sed pretium purus id sapien dictum molestie.

Vivamus commodo at quam vitae condimentum. Praesent finibus tempus ligula id elementum. Nulla facilisi. Pellentesque pellentesque condimentum mauris ut tincidunt. Aliquam erat volutpat. Vivamus aliquam lacinia convallis. Donec iaculis sit amet lectus non sollicitudin. Donec id ante vitae mi facilisis vehicula. Proin tellus risus, sollicitudin vitae est tincidunt, eleifend egestas quam. Vivamus vel imperdiet purus.

Fusce tincidunt metus at turpis dapibus efficitur. Fusce venenatis at eros sit amet imperdiet. Duis id lobortis metus. Sed gravida ante eget eros bibendum, sit amet bibendum velit facilisis. Nam elit dui, varius nec blandit a, mattis id odio. Proin ac mi ut purus ullamcorper vehicula sit amet sed tortor. Aliquam at massa ac mauris rhoncus vehicula. Suspendisse scelerisque aliquet mi. Phasellus ut cursus dolor. Aliquam ac urna sit amet felis rhoncus efficitur non et mauris. Pellentesque porta nulla id mi finibus, nec facilisis metus lacinia. Nulla tristique elit purus, vitae efficitur arcu laoreet in. In nec condimentum ligula, sed scelerisque tortor. Vestibulum lacinia, massa eu efficitur fermentum, augue justo eleifend urna, eget pretium turpis quam vitae odio.

Praesent faucibus sagittis nulla in scelerisque. Proin sapien leo, porta a eros in, iaculis sodales tortor. Duis accumsan ipsum quis nibh euismod, nec lobortis neque dapibus. Donec ullamcorper blandit lectus sed consequat. Vivamus ut odio efficitur, ultricies diam sit amet, iaculis augue. Suspendisse bibendum risus neque, ac pulvinar quam convallis et. Integer facilisis, dolor sit amet fermentum dictum, justo ex iaculis lorem, vitae placerat augue nulla ut magna.

Vestibulum ante ipsum primis in faucibus orci luctus et ultrices posuere cubilia curae; Nulla facilisi. Nam nec placerat erat, et maximus erat. Fusce vel vestibulum orci. Suspendisse hendrerit leo non enim porta tempor. Nunc tempor ac odio laoreet aliquet. Etiam commodo dapibus mollis. Fusce laoreet turpis mi, id fringilla quam consectetur quis. Duis ac nulla eu sem tristique venenatis. Ut porttitor nunc quis maximus facilisis. Ut sed volutpat dolor. Integer sollicitudin elementum augue vel pulvinar. Suspendisse mollis nisl vel commodo placerat. Mauris imperdiet pharetra tortor eu sodales. Interdum et malesuada fames ac ante ipsum primis in faucibus.

Integer condimentum neque hendrerit, pretium magna at, viverra mauris. Mauris viverra suscipit erat a rhoncus. Morbi finibus tortor maximus efficitur vestibulum. Suspendisse id tortor eget nulla pellentesque porttitor vel ut dui. Integer ac diam faucibus, ultrices ex nec, malesuada sapien. Sed imperdiet blandit dolor vitae gravida. Mauris nec diam eget turpis dapibus pretium in ac nunc. Nulla scelerisque tincidunt elit sit amet mollis. Donec ut eleifend tortor. Suspendisse eros nisi, aliquet vel nibh sed, ultrices luctus dolor. Aliquam at purus in dolor varius ultricies. Mauris facilisis enim laoreet justo consectetur, ut scelerisque magna commodo. Morbi vitae egestas mi. Aenean lacinia leo non est suscipit lacinia. Curabitur sed scelerisque lacus.

Fusce arcu arcu, facilisis sed faucibus at, consectetur eu nulla. In vel nunc dictum leo consequat ultricies eget ac ipsum. Etiam vestibulum aliquet condimentum. Proin vehicula sem et urna malesuada ullamcorper eu in arcu. Sed luctus ullamcorper nunc. In ornare purus sed ipsum lobortis dictum. Nam eros magna, tincidunt a enim gravida, mollis rutrum eros. Vivamus gravida ornare odio, eget interdum metus finibus id. Quisque sit amet sem ac ante ultricies finibus.

Etiam eget arcu accumsan, maximus risus vitae, efficitur nunc. In eu sem sagittis, tristique magna et, tincidunt ex. Cras vel dolor euismod elit lobortis congue. Nullam imperdiet rutrum tristique. Donec a nibh eu ante sodales accumsan non nec justo. Nullam luctus efficitur posuere. Donec nisi neque, sodales in efficitur a, feugiat ut urna. Duis consectetur, metus sit amet eleifend feugiat, mi augue consequat eros, in scelerisque metus dolor sit amet nulla. Praesent sit amet hendrerit ipsum, non porttitor sapien. Pellentesque habitant morbi tristique senectus et netus et malesuada fames ac turpis egestas. Vestibulum ante ipsum primis in faucibus orci luctus et ultrices posuere cubilia curae; Aenean ultricies mattis metus nec lobortis. Vivamus vestibulum finibus sollicitudin. Praesent suscipit sapien odio, in porttitor mauris tincidunt et. Nullam ultrices fermentum velit. Donec ac hendrerit quam, eget congue quam.

Vivamus viverra tortor tellus, quis luctus ex finibus at. Maecenas dignissim tortor et nisi pretium luctus. In hac habitasse platea dictumst. Maecenas bibendum sed nisl eget dapibus. Etiam viverra, lectus vitae convallis tempus, tortor elit sodales nisl, ut egestas magna tellus vitae orci. Cras vitae turpis quam. Quisque consectetur quam eget odio blandit, eget dignissim erat tincidunt. Aliquam ut placerat erat. Suspendisse potenti. Duis malesuada venenatis nibh sit amet dapibus.

Suspendisse sit amet turpis vestibulum, fringilla justo ut, varius nulla. Pellentesque eget lacinia nulla. Curabitur vitae scelerisque dui, at laoreet leo. Suspendisse potenti. Integer at arcu ligula. Integer tortor nisl, sagittis sit amet dolor et, luctus accumsan nunc. Phasellus auctor pellentesque sem, gravida gravida diam vestibulum vitae. Pellentesque id magna quis dui finibus mattis. Duis vel lacus dictum, maximus nulla eget, mattis dolor. Donec congue interdum tellus non sollicitudin. Aliquam mattis ultricies egestas. Praesent eget lectus id nibh tincidunt rhoncus. Sed risus purus, viverra eu turpis a, gravida ornare arcu.

Curabitur varius ante nec ligula elementum viverra. Duis facilisis commodo nibh congue elementum. Maecenas vel efficitur ante, a pretium sapien. Quisque a semper magna. Fusce tincidunt, odio et semper vestibulum, est ligula semper erat, a posuere justo urna non odio. Phasellus volutpat sem non nisi accumsan, quis fermentum mauris pretium. Suspendisse elementum, ligula vel semper molestie, risus massa ullamcorper ipsum, quis rutrum odio leo a nunc. Ut bibendum ac lacus non fermentum. Maecenas ornare ligula at ante faucibus vestibulum. Vivamus euismod enim tellus. Vestibulum ante ipsum primis in faucibus orci luctus et ultrices posuere cubilia curae;

Integer iaculis vitae neque sit amet condimentum. Fusce rhoncus dui at sem aliquam, nec efficitur ante fringilla. Nam ut tellus metus. Ut sed dignissim ex. Ut dapibus ipsum id turpis blandit, ut consectetur risus tincidunt. Etiam porttitor convallis nisl at semper. Nullam vel tortor eu ipsum posuere pharetra. Etiam in nisl ac diam dictum vulputate sit amet quis est. Donec at tellus gravida, suscipit purus in, viverra lectus. Nunc maximus, lorem at mollis imperdiet, tortor erat pharetra felis, vitae commodo odio enim sollicitudin nibh. Aenean mollis, justo non lobortis consectetur, metus libero scelerisque ipsum, interdum vestibulum erat sem efficitur ipsum.

Quisque quis porttitor ligula. Phasellus hendrerit felis ut ligula imperdiet, eu vestibulum ipsum feugiat. Donec mattis bibendum justo. Aliquam in magna sed dui commodo placerat. Ut dui lectus, scelerisque vel enim in, gravida interdum nibh. Nam fringilla blandit maximus. Donec dapibus ultricies urna et sodales. In augue orci, vestibulum id nulla ut, commodo faucibus eros. Praesent ligula lectus, malesuada quis ex non, placerat aliquam libero. Pellentesque non ultricies augue, eget egestas orci. Praesent congue risus vel felis venenatis rhoncus. Duis pharetra ultricies tincidunt. Quisque faucibus tincidunt lacinia. Mauris ac ipsum ut dui tincidunt sollicitudin. Nam rhoncus id lacus vel imperdiet. Vivamus gravida metus non tortor iaculis, vitae pretium elit vehicula.

Maecenas malesuada mollis felis dictum tristique. Nullam vitae odio interdum, tempor quam nec, pellentesque ligula. Quisque venenatis nulla vel vehicula euismod. Proin tempus pretium turpis, sit amet pharetra magna mollis eget. Aenean sodales, lectus sed fermentum tincidunt, ex leo vulputate urna, ut convallis purus urna non odio. Etiam malesuada consectetur est, at tincidunt mi pharetra eget. Proin ac leo hendrerit, euismod sapien facilisis, convallis nunc. Donec volutpat, est in pulvinar ultricies, erat mi dictum arcu, consequat ultrices lectus nisl eu massa. Duis vel rutrum libero, eu volutpat purus. Maecenas in leo quis lorem mattis mollis. Donec convallis eros sed odio tempus ultricies. Fusce orci quam, cursus vel elit non, aliquet ullamcorper nibh. Morbi elementum faucibus efficitur. Vivamus ac ligula mollis, viverra mauris in, placerat dolor. Vestibulum ante elit, condimentum sit amet enim nec, vulputate venenatis nibh. Nam dapibus libero sit amet accumsan vulputate.

Aliquam erat volutpat. Curabitur ligula libero, commodo at blandit quis, ultricies sed augue. Phasellus eu nisi quis nulla maximus venenatis et ut ipsum. Sed eget dolor sed sem ultrices commodo. Praesent non vulputate velit. Fusce eget interdum massa, non volutpat lectus. Proin vitae lorem at ante tempus lobortis. Phasellus ut venenatis risus. Aliquam mattis dolor nulla, a varius dolor tincidunt ac. Suspendisse bibendum volutpat faucibus. Pellentesque habitant morbi tristique senectus et netus et malesuada fames ac turpis egestas. Duis consectetur magna at porta fermentum. Quisque sed lectus at mi aliquet vestibulum a faucibus mi. Duis laoreet lectus fringilla, condimentum lacus sed, semper lacus.

Etiam quis sapien urna. Mauris volutpat lorem eu commodo facilisis. Nullam at aliquam velit. Nulla interdum ornare nunc ut viverra. Nam suscipit tempor velit, eget malesuada nunc feugiat vitae. Pellentesque iaculis at magna vulputate imperdiet. Donec dui sem, tempus eget semper vitae, vestibulum a nulla. Fusce tincidunt congue gravida. Cras faucibus turpis eu pellentesque luctus.

Cras eu condimentum urna, at maximus risus. Suspendisse molestie nisl ut nisi tempus bibendum. Vestibulum tincidunt, augue non egestas efficitur, dolor massa tincidunt justo, ullamcorper volutpat leo dolor sed lectus. Integer in euismod purus, in placerat dui. Aliquam quis est massa. In hac habitasse platea dictumst. Praesent ex tellus, ultrices quis consectetur eu, tempus a mauris.

Mauris cursus aliquam massa, nec bibendum massa. Mauris id ante venenatis, tincidunt dolor sed, rhoncus lectus. Vestibulum eget porttitor ex. Aenean velit tortor, condimentum consectetur scelerisque ornare, ornare eget turpis. Aliquam porta orci a finibus hendrerit. Etiam semper ut massa in laoreet. Fusce vitae nibh libero. Mauris et semper sem. Donec non tempor lectus, a maximus mauris. Quisque turpis libero, volutpat quis tempus sit amet, pellentesque ut sapien. Phasellus semper rutrum ante luctus pellentesque. Etiam semper est ac sapien iaculis, placerat condimentum leo volutpat. Ut aliquam suscipit turpis vitae tincidunt. Phasellus sagittis sed augue id dictum. Etiam et ultricies nisl.

Nam tincidunt vitae ante eu dictum. Morbi tristique non erat eget faucibus. Vestibulum auctor enim at nibh varius, non ornare dolor tincidunt. Nullam suscipit egestas risus sagittis rutrum. Vivamus fermentum, risus et laoreet aliquet, orci est ultricies diam, eget suscipit ante nisi sed ipsum. Donec suscipit nisi velit, id ultricies nunc gravida sit amet. Aenean rhoncus bibendum justo sit amet facilisis. Sed facilisis nisl eget purus luctus, consequat auctor odio consequat. Maecenas sit amet nibh mi. Nunc posuere mi ac euismod pharetra. Donec condimentum lobortis purus. Sed ac facilisis lacus, sit amet semper erat. Pellentesque fringilla lacinia ante, vitae fringilla magna bibendum non. Cras vulputate nisi non nisi consequat commodo. Ut auctor lacinia arcu tristique blandit.

Suspendisse purus risus, cursus at malesuada vestibulum, consequat a velit. Proin vel consequat lacus. Integer sagittis augue sit amet enim ullamcorper, eget molestie felis efficitur. Aenean tincidunt sapien eu lacus lobortis blandit. Integer condimentum vestibulum massa. Nullam quis dapibus nisl. Etiam accumsan ante neque, eu gravida urna cursus ut.

Nulla ullamcorper nunc tortor, eget pellentesque enim fermentum et. Nam dapibus turpis orci, sit amet elementum augue lacinia ac. Mauris vulputate tincidunt dignissim. Maecenas porta massa vel dui malesuada rhoncus. Aliquam porttitor congue mi nec semper. Mauris tristique faucibus finibus. Orci varius natoque penatibus et magnis dis parturient montes, nascetur ridiculus mus. Duis tincidunt in nisi vel lacinia. Proin scelerisque orci nec vestibulum mollis. Orci varius natoque penatibus et magnis dis parturient montes, nascetur ridiculus mus. Etiam scelerisque a ligula vel dignissim. Aliquam porta lacus in diam ornare, non mollis lorem fermentum.

In ut augue mauris. Pellentesque blandit ut ante id pellentesque. Curabitur at libero quis justo pretium sollicitudin quis eu nisi. Nam a urna vel purus dapibus fermentum. Curabitur vel euismod orci, a accumsan mi. Quisque sed vestibulum ipsum, in pretium nunc. Aliquam at ante iaculis, scelerisque augue vel, luctus enim. Curabitur a enim a lacus feugiat vestibulum vitae id nibh. Nullam risus nisi, viverra at tellus nec, rutrum viverra tortor. Class aptent taciti sociosqu ad litora torquent per conubia nostra, per inceptos himenaeos. Pellentesque habitant morbi tristique senectus et netus et malesuada fames ac turpis egestas. Maecenas scelerisque egestas turpis tempus placerat. In eget faucibus tortor, nec posuere massa.

Etiam pharetra ut dolor id vestibulum. Integer pharetra enim in pellentesque gravida. Donec sit amet tellus sed elit pellentesque tristique in a turpis. Pellentesque habitant morbi tristique senectus et netus et malesuada fames ac turpis egestas. Suspendisse consectetur dignissim nisi, in luctus massa scelerisque nec. Nulla facilisi. Duis hendrerit massa nisi, sodales tristique leo pharetra sed. Quisque tincidunt non libero euismod malesuada. Maecenas vestibulum ornare urna, quis lacinia massa congue quis. In sed ligula et dolor suscipit facilisis quis eget nisi. Proin malesuada justo vel nulla elementum sollicitudin. In sit amet ultrices justo, quis commodo est. Phasellus molestie ipsum a leo sodales, pulvinar commodo urna suscipit. Nunc aliquet, massa at elementum semper, justo elit viverra arcu, ut feugiat orci ligula non mi.

Curabitur malesuada, purus in sodales ultrices, lectus metus luctus nibh, quis tincidunt sem risus varius ante. Nunc ut mattis lacus. Praesent vestibulum tortor quis sapien ultrices, porta molestie eros facilisis. Cras finibus metus tellus, suscipit luctus turpis posuere vel. Aliquam facilisis odio vitae massa pellentesque, nec facilisis lorem ultrices. Ut quis dolor elit. Nullam vitae condimentum enim. Aenean non convallis odio.

Aenean pharetra, est eget pellentesque fermentum, massa lacus faucibus tortor, commodo faucibus odio quam luctus ex. Suspendisse iaculis orci sapien, quis tincidunt neque lobortis nec. Sed consectetur euismod nisi, non vulputate libero iaculis id. Suspendisse efficitur metus at diam scelerisque egestas. Integer mollis ligula iaculis nibh efficitur, a convallis turpis sollicitudin. Mauris ornare erat ac quam maximus sagittis. Maecenas porttitor lacus lobortis magna faucibus, a ullamcorper dolor accumsan. Quisque cursus eros sed nisl ultrices dapibus. Praesent finibus erat metus, quis viverra dolor congue quis. Ut venenatis dictum enim, vel aliquam nunc.

Morbi euismod eros ut faucibus eleifend. Praesent euismod accumsan nisi, nec mollis neque egestas eu. Nam consequat porta eros ut malesuada. Morbi cursus lacus sapien, nec fermentum massa tempus ac. Nullam volutpat odio a lobortis auctor. Phasellus a sem sit amet odio dignissim faucibus. Sed egestas urna semper orci dictum scelerisque in vitae lacus. Integer pharetra commodo elit, a tristique tellus fringilla tempor. Donec cursus, dui eu rhoncus fermentum, mi turpis varius tortor, ut placerat quam justo at enim. Donec sagittis massa id consequat facilisis. Nullam enim justo, rutrum in metus id, tempus tincidunt leo. Curabitur facilisis nunc in tellus pulvinar, vitae vestibulum sem scelerisque. Mauris ac tellus at urna cursus consectetur. Aliquam id scelerisque metus. Quisque elementum diam ligula, non gravida arcu condimentum sed. Cras a blandit odio.

Vestibulum lobortis tellus mollis, mattis sem rhoncus, sollicitudin turpis. Curabitur felis ipsum, scelerisque vitae ligula maximus, sagittis auctor leo. Ut ultricies ex odio, sit amet venenatis nibh ultrices sit amet. Nam eget aliquet purus, vel varius ligula. Vivamus porta posuere dolor, eu bibendum orci cursus a. Sed consectetur odio in ante elementum porta. Proin condimentum neque placerat feugiat lacinia. Morbi vel odio erat. Praesent in sapien sit amet leo eleifend posuere sed ac dui. Proin ut fermentum metus, ut laoreet nisl. In ullamcorper sapien diam. Praesent condimentum consequat quam, eu facilisis nulla congue eget. Vivamus id sollicitudin massa. Curabitur non turpis at lacus aliquam aliquet nec non est. Suspendisse vel ante metus.

Vestibulum mi erat, hendrerit finibus tellus vel, ultrices suscipit lorem. Suspendisse vel pharetra dui. Nulla ullamcorper, dui id tristique malesuada, magna velit condimentum justo, eu congue nisl ipsum sit amet augue. Curabitur accumsan tellus ac urna ornare, nec lobortis mauris varius. Suspendisse tellus sapien, lacinia sit amet risus id, vulputate ornare nisi. Nulla sit amet vestibulum enim. Sed pulvinar feugiat est, ut dignissim nunc. In hac habitasse platea dictumst. Maecenas facilisis vitae eros sed rutrum. Nulla mattis semper sem in eleifend. Nullam bibendum, diam vitae finibus faucibus, nibh dui vulputate urna, eu iaculis sapien sem quis nibh. Nunc a ultricies magna, id ullamcorper augue.

Nam maximus lorem orci, eget fermentum nisl ultrices quis. Nulla pulvinar maximus ante, sit amet interdum urna vehicula in. Nulla turpis metus, iaculis vitae hendrerit ut, aliquet id lectus. Phasellus vehicula eu tellus nec tincidunt. Praesent non urna bibendum, volutpat sem accumsan, interdum libero. Vestibulum a odio tincidunt, accumsan urna sed, iaculis ante. Nunc eget massa dolor. Etiam sollicitudin libero nisi, in lobortis ligula pharetra vel. Vestibulum tempus ultricies semper. Orci varius natoque penatibus et magnis dis parturient montes, nascetur ridiculus mus. Integer dignissim fermentum orci, id porta purus bibendum scelerisque. Fusce quis ante mi.

Nam ac lacus nec nunc lobortis eleifend. Proin auctor consequat enim id fermentum. Integer non libero sed orci volutpat sodales. Nulla nec arcu vel libero feugiat condimentum. Aliquam molestie orci sem, ac efficitur eros feugiat vitae. Vivamus vitae posuere urna. Quisque at commodo justo, vel maximus massa. Pellentesque massa urna, faucibus vitae varius vitae, dignissim ac ante. Suspendisse sit amet ultricies dui. Cras euismod sem eu purus commodo, in maximus quam ultrices. Nam sagittis turpis arcu, at dignissim lectus interdum nec. Nulla vitae condimentum ligula. Donec hendrerit, tortor nec tempor consectetur, dolor nisi commodo quam, at maximus leo nibh ac elit. Morbi quis dapibus orci. Suspendisse bibendum est at rutrum aliquet.

Quisque sed dictum dui. Nunc vel pellentesque massa, a dignissim libero. Ut a dolor sem. Duis diam nisl, egestas rhoncus risus sit amet, tincidunt suscipit libero. Suspendisse quis sapien sed urna sollicitudin malesuada. Etiam tempor, ex eu sodales euismod, tortor metus vulputate mauris, sit amet tempor ante diam nec orci. Pellentesque consequat in odio eget ullamcorper. Donec porta arcu nec placerat efficitur. Suspendisse aliquet odio eget sagittis egestas. Praesent volutpat porta massa, eget mattis orci auctor eget. Sed sed orci et massa sagittis ultricies at sed felis. Sed non suscipit nisl. Donec aliquet pretium nisl ut tristique. Vestibulum gravida gravida augue in porta.